{"stats":{"minecraft:killed_by":{"minecraft:ghast":1,"minecraft:wither_skeleton":5,"minecraft:piglin_brute":2,"minecraft:creeper":2,"minecraft:blaze":1,"minecraft:skeleton":5,"guardvillagers:guard":1},"minecraft:used":{"regions_unexplored:pine_planks":27,"regions_unexplored:cobalt_earlight":1,"minecraft:iron_shovel":312,"minecraft:chest":40,"minecraft:shield":48,"minecraft:white_terracotta":1,"minecraft:iron_sword":289,"minecraft:carrot":6,"minecraft:obsidian":2,"simplyswords:sword_on_a_stick":5,"wom:agony":1525,"minecraft:lava_bucket":4,"minecraft:bricks":1,"minecraft:lantern":13,"regions_unexplored:aster":5,"minecraft:stone_bricks":1,"minecraft:rabbit_stew":1,"minecraft:golden_sword":11,"minecraft:bow":18,"minecraft:furnace":1,"minecraft:potato":3,"epicfight:skillbook":12,"minecraft:wither_skeleton_skull":1,"minecraft:oak_planks":5,"minecraft:stone_pickaxe":238,"minecraft:prismarine":1,"minecraft:wooden_pickaxe":41,"minecraft:diamond_axe":94,"minecraft:white_wool":1,"minecraft:golden_apple":6,"minecraft:crossbow":9,"waystones:waystone":3,"minecraft:firework_rocket":2,"minecraft:cyan_carpet":1,"regions_unexplored:pine_boat":1,"minecraft:melon_slice":35,"minecraft:bread":98,"minecraft:diamond_sword":233,"minecraft:grindstone":1,"minecraft:smithing_table":1,"minecraft:experience_bottle":87,"minecraft:flint_and_steel":39,"simpletomb:grave_key":31,"minecraft:torch":196,"minecraft:dirt":14,"minecraft:anvil":1,"minecraft:dark_oak_planks":8,"minecraft:wooden_axe":14,"valhelsia_structures:explorers_tent":1,"minecraft:smooth_quartz":1,"minecraft:golden_carrot":33,"minecraft:cooked_beef":2,"minecraft:enchanted_golden_apple":1,"minecraft:water_bucket":7,"minecraft:cobblestone_stairs":16,"minecraft:baked_potato":20,"travelersbackpack:wither":17,"minecraft:green_bed":1,"minecraft:cracked_stone_bricks":2,"minecraft:mossy_cobblestone":1,"minecraft:light_gray_banner":1,"minecraft:crafting_table":3,"minecraft:gray_terracotta":1,"minecraft:dark_prismarine":1,"minecraft:diamond_pickaxe":643,"minecraft:apple":12,"minecraft:stone_axe":58,"minecraft:cobblestone":104,"minecraft:white_banner":10,"minecraft:cooked_porkchop":21,"minecraft:bucket":11,"minecraft:yellow_bed":2,"alexsmobs:animal_dictionary":1,"minecraft:stripped_oak_log":4},"minecraft:crafted":{"minecraft:oak_planks":24,"minecraft:cobblestone_stairs":24,"minecraft:bookshelf":1,"minecraft:cooked_mutton":2,"minecraft:iron_boots":2,"minecraft:chest":9,"minecraft:golden_boots":1,"minecraft:cooked_porkchop":9,"minecraft:diamond_axe":2,"minecraft:crafting_table":1,"minecraft:wooden_pickaxe":1,"minecraft:baked_potato":20,"regions_unexplored:pine_boat":1,"minecraft:lectern":1,"minecraft:iron_chestplate":1,"minecraft:diamond_pickaxe":2,"minecraft:golden_leggings":1,"minecraft:stick":88,"minecraft:iron_ingot":4,"minecraft:gold_ingot":24,"minecraft:golden_chestplate":2,"minecraft:furnace":1,"minecraft:stone_pickaxe":3,"regions_unexplored:pine_slab":6,"minecraft:dark_oak_planks":12,"minecraft:cooked_beef":4,"minecraft:diamond_sword":1,"minecraft:iron_sword":5,"minecraft:bucket":1,"minecraft:bread":5,"minecraft:air":0,"regions_unexplored:pine_planks":192,"minecraft:golden_apple":2,"minecraft:wooden_axe":1,"minecraft:iron_shovel":1,"minecraft:torch":288},"minecraft:custom":{"minecraft:interact_with_crafting_table":51,"minecraft:open_barrel":68,"minecraft:bell_ring":1,"minecraft:eat_cake_slice":4,"minecraft:leave_game":10,"minecraft:time_since_death":134403,"minecraft:damage_resisted":63,"minecraft:sprint_one_cm":2453238,"minecraft:damage_blocked_by_shield":1950,"minecraft:drop":338,"minecraft:talked_to_villager":2,"minecraft:play_time":667599,"minecraft:deaths":20,"minecraft:jump":8976,"minecraft:walk_on_water_one_cm":50043,"minecraft:interact_with_furnace":34,"minecraft:interact_with_loom":1,"minecraft:sleep_in_bed":14,"minecraft:waystone_activated":8,"minecraft:damage_dealt":87132,"minecraft:crouch_one_cm":7657,"minecraft:interact_with_smoker":3,"minecraft:horse_one_cm":16500,"minecraft:interact_with_smithing_table":3,"minecraft:interact_with_anvil":6,"minecraft:mob_kills":322,"minecraft:damage_dealt_resisted":10123,"minecraft:climb_one_cm":70176,"minecraft:walk_one_cm":4800215,"minecraft:damage_dealt_absorbed":165,"minecraft:sneak_time":1527,"minecraft:walk_under_water_one_cm":31861,"minecraft:total_world_time":667599,"minecraft:tune_noteblock":16,"minecraft:interact_with_grindstone":2,"minecraft:time_since_rest":134491,"minecraft:damage_absorbed":240,"minecraft:damage_taken":14576,"minecraft:swim_one_cm":73948,"minecraft:fly_one_cm":3712492,"minecraft:open_chest":552,"minecraft:fall_one_cm":237748},"minecraft:killed":{"guardvillagers:guard":1,"minecraft:cave_spider":55,"minecraft:zombified_piglin":7,"epicsamurai:kawauso":1,"minecraft:spider":61,"minecraft:skeleton":31,"minecraft:piglin_brute":4,"minecraft:piglin":6,"minecraft:pig":1,"minecraft:creeper":3,"alexsmobs:crimson_mosquito":5,"minecraft:sheep":1,"minecraft:pillager":23,"minecraft:zombie":23,"minecraft:cow":1,"minecraft:blaze":39,"endermanoverhaul:crimson_forest_enderman":1,"epicsamurai:tanuki":1,"naturalist:bass":1,"minecraft:hoglin":1,"alexsmobs:catfish":1,"alexsmobs:crocodile":1,"mythicmounts:netherbat":1,"alexsmobs:crow":1,"minecraft:wither_skeleton":45,"minecraft:enderman":1},"minecraft:dropped":{"minecraft:iron_sword":9,"minecraft:acacia_wood":3,"minecraft:moss_block":2,"minecraft:brown_mushroom":48,"minecraft:diamond_axe":3,"minecraft:baked_potato":1,"minecraft:cooked_porkchop":3,"minecraft:crossbow":2,"minecraft:red_nether_brick_slab":2,"regions_unexplored:pine_shrub":1,"minecraft:leather":2,"minecraft:cobblestone_stairs":10,"minecraft:emerald":42,"minecraft:cracked_polished_blackstone_bricks":11,"minecraft:dirt":76,"minecraft:cornflower":1,"minecraft:mutton":2,"minecraft:sand":25,"minecraft:polished_blackstone_bricks":15,"minecraft:iron_pickaxe":1,"minecraft:dark_oak_planks":4,"minecraft:white_wool":5,"regions_unexplored:felicia_daisy":10,"minecraft:cyan_carpet":10,"minecraft:gold_ingot":3,"minecraft:bone":62,"minecraft:gravel":149,"minecraft:white_tulip":1,"wom:agony":4,"minecraft:stone_axe":1,"minecraft:blackstone":3,"minecraft:golden_chestplate":1,"minecraft:rotten_flesh":13,"minecraft:oak_planks":44,"minecraft:glowstone_dust":3,"minecraft:prismarine":3,"minecraft:leather_chestplate":1,"alexsmobs:blood_sac":2,"minecraft:gunpowder":3,"minecraft:oak_wood":2,"minecraft:charcoal":2,"minecraft:basalt":1,"minecraft:arrow":4,"minecraft:scaffolding":1,"alexsmobs:mosquito_proboscis":2,"minecraft:brown_concrete":1,"minecraft:lectern":2,"regions_unexplored:tsubaki":1,"minecraft:iron_ingot":6,"minecraft:bread":36,"regions_unexplored:fireweed":1,"minecraft:wheat_seeds":19,"minecraft:golden_helmet":1,"minecraft:mossy_cobblestone":6,"minecraft:golden_horse_armor":1,"minecraft:oak_fence":5,"minecraft:feather":1,"minecraft:cobblestone":331,"minecraft:lead":1,"minecraft:book":39,"minecraft:apple":5,"regions_unexplored:pine_sapling":19,"minecraft:chainmail_helmet":2,"minecraft:coal":4,"minecraft:golden_apple":1,"regions_unexplored:daisy":16,"minecraft:stick":4,"minecraft:diamond_horse_armor":1,"epicsamurai:spirit_upgrade_smithing_template":1,"minecraft:golden_carrot":8,"minecraft:torch":192,"naturalist:bass":1,"minecraft:smooth_quartz":1,"minecraft:rose_bush":4,"minecraft:brown_terracotta":2,"minecraft:chainmail_leggings":2,"minecraft:string":40,"minecraft:bucket":1,"minecraft:stone_brick_slab":4,"alexsmobs:crocodile_scute":2,"regions_unexplored:pine_planks":5,"minecraft:oak_trapdoor":1,"minecraft:stone_sword":2,"regions_unexplored:cobalt_earlight":1,"minecraft:bowl":1,"minecraft:experience_bottle":50,"minecraft:iron_boots":1,"minecraft:name_tag":1,"regions_unexplored:hyssop":2,"naturalist:cattail_fluff":1,"minecraft:spruce_fence":3,"minecraft:pumpkin_seeds":2,"minecraft:diamond_sword":4,"minecraft:potato":14,"minecraft:gray_terracotta":16,"minecraft:stone":6,"minecraft:shield":1,"minecraft:flower_pot":3,"minecraft:spruce_trapdoor":6,"aether:diamond_gloves":1,"minecraft:spruce_planks":1,"minecraft:iron_chestplate":1,"minecraft:diamond_pickaxe":1,"travelersbackpack:quartz":2,"minecraft:mossy_stone_bricks":2,"minecraft:golden_sword":1,"minecraft:spider_eye":27,"minecraft:stone_bricks":23,"minecraft:red_tulip":1,"minecraft:stone_pickaxe":1,"minecraft:blue_orchid":13,"minecraft:dead_brain_coral_block":1,"minecraft:magma_cream":1,"wom:demon_seal":2,"regions_unexplored:blue_lupine":2,"epicfight:skillbook":10},"minecraft:mined":{"minecraft:dark_oak_planks":10,"minecraft:polished_granite_slab":4,"minecraft:spruce_planks":15,"valhelsia_structures:bundled_oak_posts":3,"minecraft:cobblestone_stairs":2,"minecraft:obsidian":2,"minecraft:spruce_trapdoor":1,"minecraft:stone_brick_wall":1,"minecraft:grass_block":35,"regions_unexplored:pine_shrub":1,"valhelsia_structures:oak_post":1,"realmrpg_skeletons:burnt_skeleton":1,"minecraft:chiseled_stone_bricks":9,"minecraft:spawner":4,"minecraft:tall_seagrass":1,"minecraft:magma_block":1,"minecraft:glowstone":1,"minecraft:iron_ore":9,"minecraft:fire":29,"regions_unexplored:mossy_stone":1,"minecraft:anvil":1,"minecraft:potted_dandelion":1,"minecraft:dirt_path":1,"minecraft:oak_stairs":1,"minecraft:blue_orchid":7,"minecraft:brain_coral_block":1,"minecraft:player_head":1,"minecraft:spruce_slab":1,"minecraft:green_bed":1,"valhelsia_structures:explorers_tent":1,"minecraft:brown_mushroom":4,"minecraft:crimson_nylium":20,"minecraft:clay":3,"minecraft:torch":5,"minecraft:dark_oak_wood":4,"minecraft:melon":7,"minecraft:chest":22,"minecraft:cobblestone":20,"realmrpg_skeletons:thief_skeleton":3,"minecraft:oak_planks":6,"minecraft:grindstone":1,"minecraft:prismarine":2,"minecraft:bricks":1,"minecraft:wall_torch":35,"regions_unexplored:pine_log":50,"minecraft:seagrass":1,"minecraft:white_terracotta":1,"regions_unexplored:hyssop":1,"minecraft:stone_brick_stairs":8,"minecraft:grass":27,"minecraft:oak_log":3,"minecraft:sand":44,"minecraft:smooth_quartz":16,"minecraft:dirt":87,"minecraft:netherrack":57,"regions_unexplored:fireweed":1,"minecraft:oak_leaves":19,"minecraft:suspicious_gravel":1,"minecraft:nether_gold_ore":3,"naturalist:cattail":1,"minecraft:mossy_cobblestone":14,"minecraft:spruce_fence":9,"minecraft:crimson_roots":2,"regions_unexplored:stone_grass_block":4,"regions_unexplored:aster":4,"regions_unexplored:maple_leaves":6,"regions_unexplored:pine_planks":3,"minecraft:large_fern":1,"minecraft:hay_block":3,"minecraft:oak_trapdoor":1,"minecraft:carrots":4,"minecraft:acacia_wood":6,"minecraft:gold_block":2,"travelersbackpack:wither":5,"minecraft:bookshelf":22,"minecraft:potatoes":1,"minecraft:vine":11,"minecraft:lantern":4,"minecraft:stripped_oak_log":8,"regions_unexplored:medium_grass":33,"realmrpg_skeletons:arrow_skeleton":1,"minecraft:stone":458,"minecraft:white_wool":1,"regions_unexplored:felicia_daisy":12,"minecraft:smithing_table":1,"minecraft:stone_brick_slab":13,"regions_unexplored:cobalt_earlight":2,"minecraft:oak_fence":6,"minecraft:crafting_table":2,"minecraft:cornflower":1,"minecraft:oak_wood":2,"minecraft:rose_bush":3,"minecraft:campfire":1,"minecraft:tall_grass":12,"valhelsia_structures:big_cyan_glazed_jar":1,"regions_unexplored:daisy":20,"naturalist:duckweed":1,"minecraft:birch_leaves":1,"minecraft:white_wall_banner":11,"minecraft:yellow_bed":2,"minecraft:coal_ore":131,"minecraft:gravel":179,"minecraft:flower_pot":1,"minecraft:cyan_carpet":2,"travelersbackpack:quartz":1,"minecraft:cobweb":27,"valhelsia_structures:cut_oak_post":1,"minecraft:cracked_stone_bricks":4,"minecraft:stone_bricks":30,"minecraft:polished_andesite":1,"minecraft:mossy_stone_bricks":6,"minecraft:iron_trapdoor":1,"minecraft:fern":4},"minecraft:broken":{"minecraft:iron_shovel":1,"minecraft:stone_pickaxe":1},"minecraft:picked_up":{"minecraft:flower_pot":4,"minecraft:anvil":1,"minecraft:smithing_table":1,"minecraft:diamond_sword":3,"regions_unexplored:cobalt_earlight":2,"minecraft:oak_stairs":1,"minecraft:enchanted_book":2,"minecraft:stone_brick_stairs":1,"minecraft:golden_sword":1,"minecraft:string":128,"aether:diamond_gloves":1,"travelersbackpack:quartz":3,"minecraft:experience_bottle":50,"valhelsia_structures:oak_post":1,"alexsmobs:blood_sac":3,"regions_unexplored:pine_log":48,"minecraft:gold_nugget":15,"minecraft:spruce_planks":11,"minecraft:rose_bush":4,"minecraft:smooth_quartz":16,"minecraft:iron_pickaxe":1,"minecraft:melon_slice":38,"regions_unexplored:pine_shrub":1,"minecraft:iron_boots":1,"minecraft:stick":15,"minecraft:brown_terracotta":2,"minecraft:oak_fence":5,"minecraft:torch":176,"minecraft:green_bed":1,"epicfight:skillbook":19,"minecraft:porkchop":2,"minecraft:golden_axe":1,"regions_unexplored:daisy":20,"minecraft:rotten_flesh":24,"aether:chainmail_gloves":2,"minecraft:white_terracotta":1,"minecraft:obsidian":2,"minecraft:blaze_rod":16,"minecraft:cobblestone":490,"paraglider:paraglider":1,"minecraft:dune_armor_trim_smithing_template":1,"minecraft:feather":1,"minecraft:magma_cream":1,"minecraft:potato":9,"paraglider:spirit_orb":22,"minecraft:flint":19,"minecraft:dirt":93,"minecraft:lantern":12,"minecraft:bone":96,"minecraft:bow":1,"minecraft:gray_terracotta":16,"minecraft:wheat_seeds":17,"minecraft:grindstone":1,"minecraft:mossy_stone_bricks":3,"minecraft:glowstone_dust":6,"minecraft:moss_block":2,"regions_unexplored:pine_boat":1,"minecraft:prismarine":4,"minecraft:oak_planks":30,"minecraft:cooked_porkchop":2,"regions_unexplored:pine_sapling":19,"naturalist:cattail_fluff":1,"regions_unexplored:pine_planks":4,"valhelsia_structures:cut_oak_post":1,"minecraft:sand":25,"minecraft:mossy_cobblestone":7,"minecraft:dark_prismarine":1,"regions_unexplored:hyssop":1,"waystones:waystone":34,"minecraft:cracked_polished_blackstone_bricks":1,"minecraft:dead_brain_coral_block":1,"minecraft:crossbow":2,"minecraft:golden_apple":1,"minecraft:chainmail_helmet":1,"minecraft:bread":26,"minecraft:oak_sapling":1,"minecraft:netherrack":47,"minecraft:chorus_fruit":1,"minecraft:bricks":1,"minecraft:crimson_roots":3,"minecraft:diamond_pickaxe":1,"minecraft:charcoal":2,"minecraft:crafting_table":2,"minecraft:clay_ball":8,"minecraft:leather_leggings":1,"minecraft:brown_mushroom":54,"minecraft:gold_block":2,"valhelsia_structures:brown_sleeping_bag":1,"minecraft:shield":1,"minecraft:cornflower":1,"minecraft:oak_trapdoor":1,"minecraft:flint_and_steel":1,"minecraft:cyan_carpet":11,"minecraft:blue_orchid":13,"minecraft:cracked_stone_bricks":2,"simplyswords:runic_tablet":1,"minecraft:player_head":1,"minecraft:spruce_slab":1,"minecraft:lectern":1,"minecraft:chest":31,"minecraft:birch_sapling":1,"minecraft:spruce_trapdoor":5,"minecraft:raw_iron":9,"minecraft:stone":4,"minecraft:spruce_fence":6,"minecraft:fire_charge":4,"minecraft:carrot":15,"valhelsia_structures:explorers_tent":1,"alexsmobs:crocodile_scute":2,"minecraft:dark_oak_planks":14,"minecraft:arrow":55,"minecraft:diamond_chestplate":1,"regions_unexplored:felicia_daisy":8,"minecraft:hay_block":3,"minecraft:saddle":1,"minecraft:gold_ingot":18,"minecraft:mutton":4,"minecraft:white_wool":3,"minecraft:stripped_oak_log":8,"minecraft:golden_carrot":3,"minecraft:leather":2,"minecraft:oak_log":3,"minecraft:golden_boots":1,"minecraft:yellow_bed":2,"minecraft:gunpowder":6,"minecraft:cobblestone_stairs":2,"minecraft:white_banner":10,"naturalist:bass":1,"regions_unexplored:aster":4,"minecraft:apple":1,"minecraft:stone_bricks":13,"minecraft:iron_ingot":10,"minecraft:cobweb":2,"minecraft:iron_sword":5,"minecraft:book":42,"wom:agony":4,"minecraft:stone_brick_slab":4,"minecraft:dandelion":1,"minecraft:gravel":149,"minecraft:lava_bucket":1,"travelersbackpack:wither":9,"minecraft:spider_eye":47,"minecraft:oak_wood":4,"valhelsia_structures:bundled_oak_posts":3,"regions_unexplored:fireweed":1,"minecraft:stone_axe":1,"minecraft:diamond_axe":2,"minecraft:red_nether_brick_slab":2,"minecraft:baked_potato":1,"minecraft:dark_oak_wood":3,"minecraft:coal":139}},"DataVersion":3465}