{"stats":{"minecraft:picked_up":{"twilightforest:lich_trophy":1,"minecraft:birch_door":2,"minecraft:anvil":1,"minecraft:redstone_block":2,"minecraft:flower_pot":7,"minecraft:lead":2,"minecraft:smithing_table":1,"twilightforest:naga_trophy":1,"minecraft:diamond_sword":3,"regions_unexplored:cobalt_earlight":2,"minecraft:oak_stairs":1,"minecraft:enchanted_book":2,"minecraft:stone_brick_stairs":2,"minecraft:golden_sword":1,"regions_unexplored:pine_slab":1,"minecraft:string":132,"aether:diamond_gloves":1,"minecraft:smooth_stone_slab":5,"travelersbackpack:quartz":3,"minecraft:experience_bottle":50,"valhelsia_structures:oak_post":1,"alexsmobs:blood_sac":3,"minecraft:gold_nugget":16,"regions_unexplored:pine_log":53,"minecraft:spruce_planks":11,"minecraft:rose_bush":4,"minecraft:iron_pickaxe":1,"minecraft:smooth_quartz":16,"minecraft:melon_slice":38,"regions_unexplored:pine_stairs":2,"regions_unexplored:pine_shrub":1,"minecraft:iron_boots":1,"minecraft:furnace":1,"minecraft:stick":19,"minecraft:brown_terracotta":2,"minecraft:oak_fence":5,"minecraft:torch":210,"minecraft:green_bed":1,"epicfight:skillbook":19,"minecraft:porkchop":2,"minecraft:golden_axe":1,"regions_unexplored:daisy":108,"minecraft:brown_carpet":12,"minecraft:rotten_flesh":41,"aether:chainmail_gloves":2,"minecraft:red_tulip":1,"minecraft:white_terracotta":1,"minecraft:blaze_rod":16,"minecraft:obsidian":2,"minecraft:cobblestone":609,"paraglider:paraglider":1,"minecraft:mossy_cobblestone_slab":2,"twilightforest:mangrove_slab":1,"minecraft:dune_armor_trim_smithing_template":1,"minecraft:feather":1,"minecraft:magma_cream":1,"minecraft:black_bed":1,"minecraft:potato":9,"paraglider:spirit_orb":24,"minecraft:flint":19,"twilightforest:mossy_nagastone_pillar":4,"minecraft:wither_skeleton_skull":2,"minecraft:dirt":596,"minecraft:lantern":19,"minecraft:bone":104,"minecraft:gray_terracotta":16,"minecraft:bow":2,"minecraft:wheat_seeds":52,"minecraft:orange_tulip":1,"minecraft:grindstone":1,"minecraft:mossy_stone_bricks":7,"minecraft:glowstone_dust":6,"minecraft:moss_block":2,"regions_unexplored:pine_boat":1,"minecraft:prismarine":5,"minecraft:oak_planks":30,"minecraft:mossy_stone_brick_stairs":2,"minecraft:cooked_porkchop":4,"naturalist:cattail_fluff":1,"regions_unexplored:pine_sapling":19,"regions_unexplored:pine_planks":6,"valhelsia_structures:cut_oak_post":1,"minecraft:sand":25,"twilightforest:canopy_log":10,"minecraft:grass_block":1,"minecraft:lily_of_the_valley":1,"minecraft:mossy_cobblestone":29,"minecraft:dark_prismarine":1,"twilightforest:mossy_etched_nagastone":1,"regions_unexplored:hyssop":1,"minecraft:sugar":2,"waystones:waystone":35,"minecraft:writable_book":1,"minecraft:cracked_polished_blackstone_bricks":1,"minecraft:dead_brain_coral_block":1,"minecraft:crossbow":2,"minecraft:golden_apple":1,"minecraft:chainmail_helmet":1,"minecraft:bread":26,"alexsmobs:maggot":1,"minecraft:oak_sapling":2,"minecraft:netherrack":47,"minecraft:chorus_fruit":1,"minecraft:bricks":2,"minecraft:crimson_roots":3,"minecraft:diamond_pickaxe":1,"minecraft:charcoal":2,"minecraft:crafting_table":4,"minecraft:clay_ball":8,"minecraft:leather_leggings":1,"minecraft:brown_mushroom":56,"minecraft:gold_block":2,"valhelsia_structures:brown_sleeping_bag":2,"twilightforest:nagastone":4,"minecraft:shield":3,"minecraft:cornflower":2,"minecraft:oak_trapdoor":1,"minecraft:red_bed":1,"minecraft:flint_and_steel":1,"minecraft:cyan_carpet":11,"minecraft:blue_orchid":13,"minecraft:cracked_stone_bricks":12,"simplyswords:runic_tablet":1,"twilightforest:nagastone_head":1,"minecraft:player_head":1,"minecraft:spruce_slab":1,"minecraft:lectern":1,"minecraft:chest":31,"minecraft:birch_sapling":1,"minecraft:spruce_trapdoor":5,"immersive_paintings:painting":8,"minecraft:raw_iron":9,"minecraft:stone":11,"minecraft:oak_door":1,"minecraft:spruce_fence":6,"minecraft:fire_charge":4,"minecraft:carrot":133,"valhelsia_structures:explorers_tent":1,"alexsmobs:crocodile_scute":2,"twilightforest:firefly":2,"minecraft:dark_oak_planks":14,"minecraft:arrow":61,"minecraft:diamond_chestplate":1,"regions_unexplored:maple_sapling":1,"twilightforest:etched_nagastone":3,"regions_unexplored:felicia_daisy":75,"minecraft:hay_block":3,"minecraft:pink_tulip":2,"minecraft:saddle":1,"minecraft:gold_ingot":18,"minecraft:mutton":4,"minecraft:white_wool":3,"minecraft:oxeye_daisy":1,"minecraft:stripped_oak_log":8,"minecraft:lime_bed":1,"minecraft:golden_carrot":34,"minecraft:leather":2,"minecraft:birch_planks":1,"minecraft:oak_log":3,"minecraft:golden_boots":1,"minecraft:yellow_bed":2,"minecraft:cobblestone_wall":1,"minecraft:gunpowder":11,"minecraft:cobblestone_stairs":4,"minecraft:paper":167,"minecraft:white_banner":11,"naturalist:bass":1,"regions_unexplored:aster":4,"minecraft:apple":1,"minecraft:stone_bricks":35,"minecraft:iron_ingot":10,"minecraft:cobweb":2,"minecraft:iron_sword":5,"minecraft:book":69,"wom:agony":4,"twilightforest:nagastone_pillar":3,"minecraft:stone_brick_slab":4,"minecraft:dandelion":1,"minecraft:gravel":149,"minecraft:lava_bucket":1,"twilightforest:cracked_nagastone_pillar":3,"travelersbackpack:wither":10,"minecraft:spider_eye":48,"minecraft:oak_wood":4,"valhelsia_structures:bundled_oak_posts":3,"minecraft:slime_ball":1,"regions_unexplored:fireweed":1,"minecraft:stone_axe":1,"minecraft:diamond_axe":2,"minecraft:painting":55,"minecraft:red_nether_brick_slab":2,"minecraft:baked_potato":1,"twilightforest:spiral_bricks":22,"minecraft:dark_oak_wood":3,"minecraft:coal":139},"minecraft:killed_by":{"minecraft:ghast":1,"minecraft:wither_skeleton":5,"minecraft:piglin_brute":2,"twilightforest:lich_minion":1,"minecraft:creeper":2,"twilightforest:death_tome":2,"minecraft:blaze":1,"minecraft:skeleton":8,"guardvillagers:guard":1},"minecraft:custom":{"minecraft:interact_with_crafting_table":55,"minecraft:open_barrel":68,"minecraft:bell_ring":1,"minecraft:eat_cake_slice":4,"minecraft:leave_game":14,"minecraft:time_since_death":181659,"minecraft:damage_resisted":63,"minecraft:sprint_one_cm":3657984,"minecraft:damage_blocked_by_shield":2140,"minecraft:drop":437,"minecraft:talked_to_villager":3,"minecraft:play_time":935970,"minecraft:deaths":31,"minecraft:jump":11018,"minecraft:walk_on_water_one_cm":74424,"minecraft:interact_with_furnace":35,"minecraft:interact_with_loom":1,"minecraft:sleep_in_bed":24,"minecraft:waystone_activated":10,"minecraft:damage_dealt":103145,"minecraft:crouch_one_cm":12246,"minecraft:interact_with_smithing_table":3,"minecraft:horse_one_cm":16500,"minecraft:interact_with_smoker":3,"minecraft:interact_with_anvil":6,"minecraft:mob_kills":404,"minecraft:damage_dealt_resisted":10123,"minecraft:climb_one_cm":71240,"minecraft:walk_one_cm":7261710,"minecraft:damage_dealt_absorbed":165,"minecraft:sneak_time":2475,"twilightforest:tf_shields_broken":5,"minecraft:walk_under_water_one_cm":34604,"minecraft:total_world_time":935970,"minecraft:tune_noteblock":16,"minecraft:interact_with_grindstone":2,"minecraft:time_since_rest":8060,"minecraft:damage_absorbed":360,"minecraft:damage_taken":22777,"minecraft:swim_one_cm":111896,"minecraft:fly_one_cm":5093777,"minecraft:open_chest":617,"minecraft:fall_one_cm":275075},"minecraft:dropped":{"twilightforest:nagastone":4,"minecraft:iron_sword":9,"minecraft:acacia_wood":3,"minecraft:diamond_axe":3,"minecraft:moss_block":2,"minecraft:brown_mushroom":48,"minecraft:birch_planks":1,"minecraft:baked_potato":1,"minecraft:cooked_porkchop":5,"minecraft:red_nether_brick_slab":2,"minecraft:orange_tulip":1,"minecraft:crossbow":2,"regions_unexplored:pine_shrub":1,"minecraft:lantern":4,"minecraft:leather":2,"minecraft:mossy_stone_brick_stairs":2,"minecraft:cracked_stone_bricks":4,"minecraft:emerald":42,"minecraft:cobblestone_stairs":12,"minecraft:cracked_polished_blackstone_bricks":11,"minecraft:dirt":77,"minecraft:cornflower":2,"twilightforest:mossy_nagastone_pillar":4,"minecraft:mutton":2,"minecraft:writable_book":1,"minecraft:sand":25,"minecraft:polished_blackstone_bricks":15,"minecraft:iron_pickaxe":1,"minecraft:dark_oak_planks":4,"minecraft:white_wool":5,"regions_unexplored:felicia_daisy":76,"minecraft:cyan_carpet":10,"minecraft:bone":63,"minecraft:gold_ingot":3,"minecraft:gravel":149,"minecraft:white_tulip":1,"wom:agony":4,"minecraft:stone_axe":1,"minecraft:blackstone":3,"minecraft:golden_chestplate":1,"minecraft:rotten_flesh":24,"minecraft:oak_planks":44,"regions_unexplored:maple_sapling":1,"minecraft:glowstone_dust":3,"minecraft:prismarine":3,"twilightforest:mangrove_slab":1,"minecraft:leather_chestplate":1,"alexsmobs:blood_sac":2,"minecraft:gunpowder":6,"twilightforest:cracked_nagastone_pillar":3,"minecraft:oak_wood":2,"minecraft:charcoal":2,"minecraft:basalt":1,"minecraft:arrow":4,"minecraft:scaffolding":1,"minecraft:stone_brick_stairs":1,"twilightforest:nagastone_pillar":3,"minecraft:lectern":2,"minecraft:brown_concrete":1,"alexsmobs:mosquito_proboscis":2,"regions_unexplored:tsubaki":1,"minecraft:iron_ingot":6,"minecraft:bread":36,"regions_unexplored:fireweed":1,"minecraft:wheat_seeds":54,"minecraft:golden_helmet":1,"minecraft:mossy_cobblestone":8,"minecraft:golden_horse_armor":1,"twilightforest:nagastone_head":1,"minecraft:oak_fence":5,"minecraft:book":39,"minecraft:feather":1,"minecraft:cobblestone":369,"minecraft:lead":1,"minecraft:apple":5,"twilightforest:etched_nagastone":3,"regions_unexplored:pine_sapling":19,"twilightforest:canopy_log":10,"minecraft:chainmail_helmet":2,"minecraft:grass_block":1,"minecraft:coal":4,"regions_unexplored:daisy":101,"minecraft:golden_apple":1,"twilightforest:naga_trophy":1,"minecraft:stick":6,"minecraft:oxeye_daisy":1,"minecraft:diamond_horse_armor":1,"minecraft:mossy_cobblestone_slab":2,"epicsamurai:spirit_upgrade_smithing_template":1,"minecraft:golden_carrot":11,"twilightforest:spiral_bricks":22,"minecraft:torch":192,"naturalist:bass":1,"minecraft:smooth_quartz":1,"minecraft:rose_bush":4,"minecraft:brown_terracotta":2,"minecraft:chainmail_leggings":2,"minecraft:string":44,"minecraft:bucket":1,"minecraft:redstone_block":2,"minecraft:stone_brick_slab":4,"minecraft:pink_tulip":2,"alexsmobs:crocodile_scute":2,"alexsmobs:maggot":1,"regions_unexplored:pine_planks":5,"minecraft:oak_trapdoor":1,"regions_unexplored:cobalt_earlight":1,"minecraft:stone_sword":2,"minecraft:cobblestone_wall":1,"minecraft:smooth_stone_slab":3,"minecraft:bowl":1,"minecraft:experience_bottle":50,"minecraft:iron_boots":1,"minecraft:name_tag":1,"regions_unexplored:hyssop":2,"naturalist:cattail_fluff":1,"minecraft:spruce_fence":3,"minecraft:pumpkin_seeds":2,"minecraft:lily_of_the_valley":1,"minecraft:diamond_sword":4,"twilightforest:mossy_etched_nagastone":1,"minecraft:potato":14,"minecraft:gray_terracotta":16,"minecraft:stone":7,"minecraft:shield":2,"minecraft:flower_pot":3,"minecraft:spruce_planks":1,"minecraft:spruce_trapdoor":6,"aether:diamond_gloves":1,"minecraft:iron_chestplate":1,"minecraft:diamond_pickaxe":1,"travelersbackpack:quartz":2,"minecraft:mossy_stone_bricks":4,"minecraft:oak_sapling":1,"minecraft:golden_sword":1,"minecraft:spider_eye":28,"minecraft:stone_bricks":36,"minecraft:blue_orchid":13,"minecraft:stone_pickaxe":1,"minecraft:red_tulip":2,"minecraft:dead_brain_coral_block":1,"minecraft:magma_cream":1,"wom:demon_seal":2,"regions_unexplored:blue_lupine":2,"epicfight:skillbook":10},"minecraft:broken":{"minecraft:iron_shovel":1,"minecraft:golden_leggings":1,"minecraft:stone_pickaxe":1},"minecraft:crafted":{"minecraft:oak_planks":24,"minecraft:cobblestone_stairs":24,"minecraft:bookshelf":1,"minecraft:cooked_mutton":2,"minecraft:diamond_leggings":1,"minecraft:iron_boots":2,"minecraft:chest":9,"minecraft:golden_boots":1,"minecraft:cooked_porkchop":9,"minecraft:diamond_axe":2,"minecraft:crafting_table":1,"minecraft:wooden_pickaxe":1,"minecraft:baked_potato":20,"regions_unexplored:pine_boat":1,"minecraft:lectern":1,"minecraft:iron_chestplate":1,"minecraft:diamond_pickaxe":2,"minecraft:golden_leggings":1,"minecraft:stick":88,"minecraft:iron_ingot":4,"minecraft:gold_ingot":24,"minecraft:golden_carrot":60,"minecraft:golden_chestplate":2,"regions_unexplored:pine_pressure_plate":8,"minecraft:furnace":1,"minecraft:stone_pickaxe":3,"regions_unexplored:pine_slab":6,"minecraft:dark_oak_planks":12,"minecraft:cooked_beef":4,"minecraft:diamond_sword":1,"minecraft:iron_sword":5,"minecraft:bucket":1,"minecraft:bread":5,"minecraft:air":0,"regions_unexplored:pine_planks":212,"minecraft:golden_apple":2,"minecraft:gold_nugget":486,"minecraft:wooden_axe":1,"minecraft:iron_shovel":1,"minecraft:torch":296},"minecraft:used":{"minecraft:iron_shovel":899,"minecraft:shield":55,"minecraft:chest":40,"minecraft:white_terracotta":1,"minecraft:iron_sword":289,"minecraft:waxed_weathered_cut_copper_stairs":47,"twilightforest:mangrove_fence":6,"minecraft:jungle_planks":1,"minecraft:carrot":44,"minecraft:obsidian":2,"regions_unexplored:pine_stairs":2,"simplyswords:sword_on_a_stick":5,"wom:agony":1643,"minecraft:lava_bucket":4,"minecraft:bricks":1,"minecraft:grass_block":1174,"minecraft:lantern":44,"cfm:stripped_jungle_upgraded_gate":4,"twilightforest:mangrove_planks":53,"regions_unexplored:aster":5,"minecraft:stone_bricks":10,"minecraft:rabbit_stew":1,"minecraft:golden_sword":11,"minecraft:brown_carpet":10,"minecraft:bow":63,"minecraft:furnace":2,"minecraft:potato":3,"twilightforest:naga_trophy":2,"minecraft:mossy_stone_bricks":2,"epicfight:skillbook":12,"minecraft:spruce_door":3,"minecraft:wither_skeleton_skull":3,"minecraft:oak_planks":6,"minecraft:stone_pickaxe":238,"twilightforest:mangrove_slab":17,"minecraft:prismarine":2,"minecraft:wooden_pickaxe":41,"minecraft:diamond_axe":118,"minecraft:golden_apple":9,"minecraft:white_wool":1,"minecraft:waxed_weathered_cut_copper_slab":9,"minecraft:crossbow":9,"minecraft:black_bed":1,"waystones:waystone":5,"minecraft:firework_rocket":2,"minecraft:birch_fence_gate":2,"minecraft:cyan_carpet":1,"minecraft:melon_slice":35,"regions_unexplored:pine_boat":1,"minecraft:bread":159,"minecraft:diamond_sword":366,"minecraft:oak_fence":111,"cfm:oak_upgraded_gate":2,"minecraft:grindstone":1,"minecraft:smithing_table":1,"minecraft:smooth_stone_slab":2,"minecraft:experience_bottle":87,"minecraft:flint_and_steel":39,"minecraft:tinted_glass":87,"simpletomb:grave_key":73,"minecraft:torch":405,"minecraft:dirt":631,"minecraft:anvil":1,"minecraft:oak_fence_gate":2,"minecraft:birch_door":18,"minecraft:dark_oak_planks":8,"minecraft:wooden_axe":14,"immersive_paintings:painting":9,"valhelsia_structures:explorers_tent":1,"minecraft:oak_stairs":98,"minecraft:smooth_quartz":1,"regions_unexplored:pine_pressure_plate":8,"minecraft:glowstone":2,"minecraft:golden_carrot":47,"minecraft:cooked_beef":2,"minecraft:enchanted_golden_apple":1,"minecraft:water_bucket":59,"twilightforest:lich_trophy":2,"minecraft:cobblestone_stairs":16,"minecraft:birch_planks":1,"minecraft:baked_potato":20,"travelersbackpack:wither":19,"minecraft:green_bed":1,"minecraft:cracked_stone_bricks":6,"minecraft:mossy_cobblestone":26,"minecraft:light_gray_banner":1,"minecraft:lime_bed":1,"minecraft:crafting_table":5,"minecraft:oak_slab":3,"minecraft:red_bed":1,"minecraft:painting":43,"minecraft:gray_terracotta":1,"minecraft:dark_prismarine":1,"minecraft:diamond_pickaxe":918,"minecraft:apple":12,"minecraft:stone_axe":58,"minecraft:cobblestone":145,"minecraft:white_banner":11,"minecraft:bucket":63,"minecraft:cooked_porkchop":32,"regions_unexplored:pine_slab":66,"minecraft:glass_pane":3,"minecraft:yellow_bed":2,"alexsmobs:animal_dictionary":1,"minecraft:stripped_oak_log":4,"minecraft:diamond_leggings":1,"regions_unexplored:cobalt_earlight":1,"regions_unexplored:pine_planks":621},"minecraft:killed":{"guardvillagers:guard":1,"minecraft:cave_spider":55,"minecraft:zombified_piglin":7,"minecraft:witch":1,"epicsamurai:kawauso":1,"minecraft:spider":64,"twilightforest:lich_minion":4,"naturalist:snail":1,"minecraft:skeleton":40,"twilightforest:lich":1,"minecraft:silverfish":7,"minecraft:piglin_brute":4,"minecraft:piglin":6,"minecraft:pig":1,"minecraft:creeper":5,"alexsmobs:crimson_mosquito":5,"minecraft:sheep":1,"minecraft:pillager":23,"minecraft:zombie":42,"alexsmobs:fly":1,"minecraft:blaze":39,"minecraft:cow":1,"endermanoverhaul:crimson_forest_enderman":1,"minecraft:phantom":2,"twilightforest:naga":1,"epicsamurai:tanuki":1,"naturalist:bass":1,"twilightforest:death_tome":30,"minecraft:hoglin":1,"alexsmobs:catfish":1,"alexsmobs:crocodile":1,"mythicmounts:netherbat":1,"alexsmobs:crow":1,"minecraft:wither_skeleton":45,"minecraft:enderman":1},"minecraft:mined":{"minecraft:dark_oak_planks":10,"minecraft:polished_granite_slab":4,"minecraft:spruce_planks":15,"valhelsia_structures:bundled_oak_posts":3,"minecraft:cobblestone_stairs":3,"minecraft:spruce_trapdoor":1,"minecraft:obsidian":2,"minecraft:stone_brick_wall":1,"minecraft:grass_block":406,"regions_unexplored:pine_shrub":1,"valhelsia_structures:oak_post":1,"realmrpg_skeletons:burnt_skeleton":1,"minecraft:oxeye_daisy":1,"minecraft:chiseled_stone_bricks":9,"minecraft:spawner":6,"minecraft:tall_seagrass":1,"minecraft:magma_block":1,"minecraft:glowstone":1,"minecraft:iron_ore":9,"minecraft:fire":31,"regions_unexplored:mossy_stone":25,"minecraft:anvil":1,"minecraft:azure_bluet":1,"minecraft:red_tulip":1,"minecraft:potted_dandelion":1,"minecraft:dirt_path":1,"minecraft:oak_stairs":1,"twilightforest:naga_wall_trophy":1,"minecraft:pink_tulip":2,"minecraft:potted_cornflower":1,"minecraft:white_banner":1,"minecraft:blue_orchid":7,"minecraft:brain_coral_block":1,"minecraft:green_bed":1,"minecraft:spruce_slab":1,"minecraft:player_head":1,"valhelsia_structures:explorers_tent":1,"minecraft:brown_mushroom":5,"minecraft:crimson_nylium":20,"minecraft:clay":3,"regions_unexplored:pine_slab":1,"minecraft:torch":12,"minecraft:dark_oak_wood":4,"minecraft:melon":7,"minecraft:chest":22,"minecraft:wither_skeleton_wall_skull":2,"minecraft:cobblestone":46,"realmrpg_skeletons:thief_skeleton":3,"minecraft:oak_planks":6,"minecraft:grindstone":1,"minecraft:prismarine":3,"minecraft:bricks":2,"minecraft:wall_torch":56,"regions_unexplored:pine_log":56,"minecraft:seagrass":1,"minecraft:white_terracotta":1,"regions_unexplored:hyssop":1,"minecraft:stone_brick_stairs":8,"minecraft:smooth_stone_slab":1,"minecraft:infested_mossy_stone_bricks":1,"minecraft:grass":98,"minecraft:oak_log":3,"minecraft:dirt":241,"minecraft:sand":44,"minecraft:smooth_quartz":16,"twilightforest:canopy_log":6,"minecraft:potted_red_tulip":1,"minecraft:netherrack":57,"minecraft:suspicious_gravel":1,"minecraft:oak_leaves":56,"regions_unexplored:fireweed":1,"naturalist:cattail":1,"minecraft:nether_gold_ore":3,"minecraft:mossy_cobblestone":15,"minecraft:ladder":1,"twilightforest:lich_wall_trophy":1,"minecraft:spruce_fence":9,"minecraft:crimson_roots":2,"regions_unexplored:stone_grass_block":11,"regions_unexplored:aster":4,"regions_unexplored:maple_leaves":33,"regions_unexplored:pine_planks":6,"minecraft:red_mushroom":1,"minecraft:large_fern":1,"minecraft:hay_block":3,"minecraft:oak_trapdoor":1,"minecraft:furnace":2,"minecraft:carrots":41,"minecraft:acacia_wood":6,"minecraft:gold_block":2,"travelersbackpack:wither":6,"minecraft:mossy_stone_brick_stairs":1,"minecraft:bookshelf":22,"minecraft:potatoes":1,"minecraft:vine":11,"minecraft:lantern":6,"minecraft:stripped_oak_log":8,"regions_unexplored:medium_grass":101,"realmrpg_skeletons:arrow_skeleton":1,"minecraft:stone":571,"minecraft:white_wool":1,"regions_unexplored:felicia_daisy":45,"minecraft:podzol":3,"minecraft:smithing_table":1,"minecraft:glass_pane":1,"minecraft:soul_sand":1,"minecraft:infested_stone_bricks":1,"minecraft:potted_lily_of_the_valley":1,"minecraft:brown_carpet":12,"minecraft:stone_brick_slab":13,"regions_unexplored:cobalt_earlight":2,"minecraft:oak_fence":6,"minecraft:crafting_table":5,"minecraft:cornflower":1,"minecraft:oak_wood":2,"minecraft:rose_bush":3,"minecraft:campfire":1,"minecraft:tall_grass":24,"twilightforest:nagastone":1,"valhelsia_structures:big_cyan_glazed_jar":1,"regions_unexplored:daisy":77,"naturalist:duckweed":1,"minecraft:birch_leaves":1,"minecraft:white_wall_banner":11,"minecraft:yellow_bed":2,"minecraft:coal_ore":131,"minecraft:cyan_carpet":2,"minecraft:flower_pot":1,"minecraft:gravel":179,"minecraft:cobweb":27,"valhelsia_structures:cut_oak_post":1,"travelersbackpack:quartz":1,"minecraft:cracked_stone_bricks":12,"regions_unexplored:pine_stairs":2,"minecraft:polished_andesite":1,"minecraft:stone_bricks":41,"minecraft:mossy_stone_bricks":12,"minecraft:iron_trapdoor":1,"minecraft:fern":4}},"DataVersion":3465}