{"stats":{"minecraft:mined":{"minecraft:tall_grass":1,"regions_unexplored:medium_grass":6,"regions_unexplored:pine_shrub":1},"minecraft:picked_up":{"minecraft:wheat_seeds":1},"minecraft:custom":{"minecraft:jump":246,"minecraft:time_since_rest":3435,"minecraft:leave_game":1,"minecraft:walk_on_water_one_cm":8954,"minecraft:deaths":1,"minecraft:sprint_one_cm":63556,"minecraft:play_time":5697,"minecraft:damage_taken":295,"minecraft:time_since_death":3403,"minecraft:walk_one_cm":7230,"minecraft:total_world_time":5697,"minecraft:walk_under_water_one_cm":142,"minecraft:swim_one_cm":19017,"minecraft:fall_one_cm":10884,"minecraft:fly_one_cm":138778}},"DataVersion":3465}