{"stats":{"minecraft:killed":{"minecraft:cave_spider":34,"minecraft:pig":1,"minecraft:spider":20,"naturalist:robin":2,"minecraft:skeleton":9,"minecraft:zombie":2,"minecraft:chicken":2,"minecraft:wither_skeleton":8},"minecraft:crafted":{"minecraft:wooden_pickaxe":1,"minecraft:stone_axe":1,"regions_unexplored:pine_planks":32,"minecraft:stick":12,"minecraft:stone_pickaxe":1,"minecraft:stone_sword":1,"minecraft:torch":20},"minecraft:picked_up":{"minecraft:iron_chestplate":2,"minecraft:wheat":2,"minecraft:feather":4,"minecraft:chainmail_boots":1,"minecraft:chicken":1,"minecraft:golden_carrot":7,"minecraft:flower_pot":1,"minecraft:wooden_pickaxe":1,"minecraft:red_mushroom":2,"minecraft:oak_stairs":1,"paraglider:spirit_orb":12,"minecraft:diamond_horse_armor":1,"minecraft:gunpowder":10,"minecraft:dirt":2,"minecraft:string":118,"minecraft:bone":49,"minecraft:sea_pickle":2,"minecraft:bow":2,"minecraft:smooth_quartz":1,"wom:diamond_legbottomseal":3,"minecraft:chest":3,"minecraft:iron_sword":2,"minecraft:egg":1,"minecraft:book":30,"minecraft:stick":5,"minecraft:torch":86,"regions_unexplored:pine_planks":23,"minecraft:spruce_fence":1,"epicfight:skillbook":12,"minecraft:porkchop":2,"minecraft:carrot":2,"minecraft:spider_eye":43,"minecraft:pumpkin_seeds":4,"minecraft:arrow":11,"minecraft:rotten_flesh":2,"minecraft:chainmail_leggings":1,"minecraft:golden_apple":2,"minecraft:chainmail_helmet":1,"minecraft:gold_ingot":12,"minecraft:saddle":3,"minecraft:bread":20,"minecraft:coal":6,"minecraft:cobblestone":18},"minecraft:used":{"minecraft:cooked_mutton":2,"epicfight:skillbook":4,"minecraft:stone_sword":81,"minecraft:stone_pickaxe":17,"minecraft:chest":3,"minecraft:iron_sword":341,"simpletomb:grave_key":14,"minecraft:torch":85,"minecraft:dirt":2,"minecraft:carrot":16,"minecraft:bread":47,"minecraft:diamond_sword":7,"minecraft:golden_carrot":4,"minecraft:bow":11,"minecraft:egg":1,"alexsmobs:animal_dictionary":1,"minecraft:sea_pickle":1},"minecraft:dropped":{"minecraft:iron_sword":2,"minecraft:bread":3,"wom:diamond_legbottomseal":2,"minecraft:feather":4,"minecraft:cobblestone":18,"minecraft:rotten_flesh":2,"minecraft:saddle":2,"minecraft:spruce_fence":1,"minecraft:pumpkin_seeds":2,"minecraft:carrot":12,"minecraft:coal":1,"minecraft:red_mushroom":1,"minecraft:flower_pot":1,"minecraft:torch":1,"minecraft:iron_chestplate":2,"minecraft:smooth_quartz":1,"minecraft:chainmail_boots":2,"minecraft:oak_stairs":1,"minecraft:spider_eye":10,"minecraft:bow":2,"minecraft:wooden_pickaxe":1,"minecraft:string":37},"minecraft:mined":{"minecraft:torch":22,"minecraft:spruce_fence":1,"minecraft:grass_block":2,"minecraft:chest":3,"regions_unexplored:maple_leaves":1,"minecraft:wall_torch":55,"minecraft:spawner":3,"minecraft:potted_red_mushroom":1,"minecraft:bookshelf":1,"minecraft:oak_stairs":1,"minecraft:cobweb":7},"minecraft:custom":{"minecraft:interact_with_furnace":4,"minecraft:mob_kills":83,"minecraft:interact_with_crafting_table":4,"minecraft:tune_noteblock":101,"minecraft:damage_dealt_resisted":2573,"minecraft:leave_game":1,"minecraft:time_since_death":17353,"minecraft:sleep_in_bed":3,"minecraft:climb_one_cm":37793,"minecraft:time_since_rest":17470,"minecraft:sprint_one_cm":1030789,"minecraft:damage_taken":3374,"minecraft:walk_one_cm":1072325,"minecraft:drop":44,"minecraft:damage_dealt":20128,"minecraft:play_noteblock":23,"minecraft:damage_dealt_absorbed":135,"minecraft:fly_one_cm":136202,"minecraft:open_chest":69,"minecraft:crouch_one_cm":8615,"minecraft:play_time":95709,"minecraft:deaths":4,"minecraft:sneak_time":1028,"minecraft:jump":770,"minecraft:total_world_time":95709,"minecraft:fall_one_cm":18704},"minecraft:killed_by":{"minecraft:wither_skeleton":2,"minecraft:skeleton":2}},"DataVersion":3465}