{"stats":{"minecraft:broken":{"minecraft:golden_helmet":1,"minecraft:iron_boots":1,"minecraft:iron_sword":1,"minecraft:golden_chestplate":1,"epicfight:stone_greatsword":1},"minecraft:killed":{"minecraft:cave_spider":31,"minecraft:spider":26,"naturalist:robin":2,"twilightforest:lich_minion":1,"naturalist:snail":1,"minecraft:skeleton":50,"minecraft:magma_cube":26,"minecraft:piglin":7,"minecraft:zombie_villager":1,"minecraft:creeper":8,"alexsmobs:crimson_mosquito":5,"minecraft:pillager":11,"minecraft:zombie":32,"minecraft:blaze":8,"minecraft:cow":2,"epicsamurai:tanuki":1,"twilightforest:death_tome":25,"minecraft:husk":5,"twilightforest:kobold":1,"minecraft:hoglin":7,"alexsmobs:gazelle":1,"minecraft:wither_skeleton":26,"minecraft:enderman":4},"minecraft:killed_by":{"minecraft:wither_skeleton":8,"minecraft:piglin_brute":5,"twilightforest:lich_minion":2,"minecraft:creeper":2,"minecraft:pillager":1,"minecraft:magma_cube":3,"minecraft:spider":4,"minecraft:skeleton":5},"minecraft:custom":{"minecraft:interact_with_crafting_table":22,"minecraft:open_barrel":2,"minecraft:leave_game":12,"minecraft:time_since_death":42955,"minecraft:sprint_one_cm":3027842,"minecraft:damage_blocked_by_shield":45,"minecraft:drop":314,"minecraft:play_noteblock":1,"minecraft:talked_to_villager":154,"minecraft:play_time":811294,"minecraft:deaths":39,"minecraft:jump":6857,"minecraft:walk_on_water_one_cm":58531,"minecraft:interact_with_furnace":5,"minecraft:traded_with_villager":2,"minecraft:interact_with_cartography_table":1,"minecraft:sleep_in_bed":22,"minecraft:waystone_activated":11,"minecraft:damage_dealt":70543,"minecraft:crouch_one_cm":15380,"minecraft:horse_one_cm":6044,"minecraft:interact_with_anvil":3,"minecraft:mob_kills":292,"minecraft:damage_dealt_resisted":5435,"minecraft:climb_one_cm":60739,"minecraft:walk_one_cm":6988109,"minecraft:damage_dealt_absorbed":208,"minecraft:sneak_time":4880,"minecraft:walk_under_water_one_cm":25624,"minecraft:interact_with_blast_furnace":1,"minecraft:total_world_time":862873,"minecraft:tune_noteblock":22,"minecraft:pot_flower":1,"minecraft:time_since_rest":37870,"minecraft:damage_absorbed":90,"minecraft:damage_taken":21912,"minecraft:swim_one_cm":103614,"minecraft:fly_one_cm":2912062,"minecraft:open_chest":264,"minecraft:fall_one_cm":204553},"minecraft:picked_up":{"minecraft:flower_pot":2,"twilightforest:naga_trophy":1,"minecraft:lead":1,"minecraft:diamond_sword":5,"minecraft:oak_stairs":4,"minecraft:enchanted_book":4,"minecraft:stone_brick_stairs":1,"minecraft:golden_sword":1,"alexsmobs:gazelle_horn":1,"minecraft:string":93,"aether:diamond_gloves":1,"minecraft:smooth_stone_slab":3,"travelersbackpack:quartz":10,"minecraft:armor_stand":4,"minecraft:experience_bottle":50,"alexsmobs:blood_sac":3,"minecraft:diamond_leggings":1,"regions_unexplored:pine_log":109,"minecraft:gold_nugget":2,"minecraft:bucket":1,"minecraft:spruce_planks":7,"minecraft:white_tulip":3,"minecraft:rose_bush":4,"minecraft:written_book":1,"minecraft:cobblestone_slab":7,"minecraft:smooth_quartz":35,"minecraft:iron_pickaxe":1,"minecraft:melon_slice":50,"valhelsia_structures:light_gray_sleeping_bag":1,"regions_unexplored:pine_stairs":4,"regions_unexplored:pine_shrub":2,"minecraft:iron_boots":1,"minecraft:golden_helmet":1,"minecraft:stick":18,"minecraft:brown_terracotta":2,"minecraft:torch":118,"minecraft:green_bed":1,"minecraft:spruce_stairs":2,"epicfight:skillbook":22,"minecraft:porkchop":15,"regions_unexplored:daisy":27,"minecraft:golden_chestplate":1,"minecraft:stone_sword":2,"minecraft:rotten_flesh":51,"regions_unexplored:tsubaki":2,"minecraft:red_tulip":2,"minecraft:blaze_rod":5,"minecraft:cobblestone":58,"minecraft:leather_chestplate":1,"minecraft:mossy_cobblestone_slab":4,"minecraft:feather":2,"minecraft:magma_cream":1,"minecraft:golden_leggings":1,"paraglider:spirit_orb":70,"twilightforest:mossy_nagastone_pillar":1,"minecraft:wither_skeleton_skull":1,"minecraft:dirt":24,"minecraft:lantern":2,"minecraft:name_tag":1,"minecraft:leather_boots":1,"minecraft:bone":98,"minecraft:wheat_seeds":17,"minecraft:orange_tulip":2,"minecraft:mossy_stone_bricks":2,"wom:diamond_legbottomseal":2,"minecraft:oak_planks":7,"minecraft:cooked_porkchop":1,"regions_unexplored:pine_sapling":49,"regions_unexplored:pine_planks":11,"minecraft:mossy_cobblestone":8,"minecraft:dark_prismarine":8,"epicsamurai:straw_hat":1,"twilightforest:mossy_etched_nagastone":1,"regions_unexplored:hyssop":2,"minecraft:writable_book":10,"minecraft:cracked_polished_blackstone_bricks":10,"minecraft:crossbow":2,"minecraft:golden_apple":1,"minecraft:emerald":42,"minecraft:chainmail_helmet":3,"minecraft:bread":2,"minecraft:netherrack":10,"minecraft:chorus_fruit":1,"minecraft:crimson_roots":1,"minecraft:diamond_pickaxe":1,"minecraft:coarse_dirt":12,"minecraft:allium":8,"minecraft:brown_mushroom":6,"minecraft:diamond_horse_armor":1,"valhelsia_structures:brown_sleeping_bag":1,"twilightforest:nagastone":1,"regions_unexplored:red_maple_leaf_pile":14,"minecraft:shield":1,"minecraft:red_bed":2,"minecraft:blackstone":3,"minecraft:cyan_carpet":4,"minecraft:blue_orchid":6,"minecraft:cracked_stone_bricks":4,"minecraft:beef":13,"wom:demon_seal":2,"minecraft:player_head":1,"minecraft:poppy":2,"minecraft:spruce_slab":2,"minecraft:lectern":145,"minecraft:spruce_trapdoor":1,"minecraft:phantom_membrane":2,"regions_unexplored:bleeding_heart":2,"minecraft:raw_iron":3,"minecraft:stone":4,"minecraft:spruce_fence":10,"regions_unexplored:blue_lupine":4,"minecraft:polished_blackstone_bricks":15,"minecraft:carrot":11,"valhelsia_structures:explorers_tent":1,"minecraft:dark_oak_planks":11,"minecraft:arrow":90,"minecraft:diamond_chestplate":1,"twilightforest:etched_nagastone":2,"regions_unexplored:felicia_daisy":30,"regions_unexplored:pine_door":1,"twilightforest:magic_map_focus":1,"minecraft:mutton":2,"cfm:black_grill":2,"minecraft:oxeye_daisy":4,"minecraft:basalt":1,"minecraft:golden_carrot":9,"epicsamurai:spirit_upgrade_smithing_template":1,"minecraft:leather":6,"minecraft:acacia_wood":3,"minecraft:brown_concrete":1,"minecraft:chainmail_chestplate":2,"minecraft:golden_boots":1,"minecraft:cobblestone_wall":2,"minecraft:gunpowder":10,"alexsmobs:mosquito_proboscis":2,"minecraft:paper":255,"regions_unexplored:aster":1,"minecraft:apple":5,"minecraft:stone_bricks":22,"minecraft:iron_ingot":1,"minecraft:cobweb":3,"minecraft:stripped_oak_wood":6,"minecraft:iron_sword":6,"minecraft:book":70,"wom:agony":5,"minecraft:scaffolding":1,"twilightforest:nagastone_pillar":1,"minecraft:stone_brick_slab":2,"epicfight:stone_greatsword":1,"minecraft:chiseled_stone_bricks":1,"minecraft:dandelion":1,"twilightforest:cracked_nagastone_pillar":2,"minecraft:crying_obsidian":2,"minecraft:spider_eye":22,"minecraft:oak_wood":11,"minecraft:stone_axe":3,"minecraft:chainmail_leggings":2,"minecraft:diamond_axe":1,"minecraft:painting":28,"minecraft:mossy_cobblestone_stairs":1,"twilightforest:spiral_bricks":6,"minecraft:dark_oak_wood":4,"minecraft:coal":9},"minecraft:crafted":{"minecraft:oak_planks":20,"regions_unexplored:pine_fence_gate":1,"minecraft:stone_brick_slab":6,"minecraft:chest":14,"regions_unexplored:pine_wood":3,"minecraft:crafting_table":1,"minecraft:wooden_pickaxe":1,"minecraft:painting":6,"minecraft:stick":104,"regions_unexplored:pine_fence":33,"regions_unexplored:pine_stairs":20,"minecraft:stone_pickaxe":1,"minecraft:dark_oak_planks":16,"paraglider:paraglider":2,"minecraft:bucket":1,"minecraft:stone_axe":1,"minecraft:enchanted_book":2,"regions_unexplored:pine_planks":392,"minecraft:white_wool":10,"minecraft:wooden_axe":1,"minecraft:iron_shovel":1,"regions_unexplored:pine_door":3,"minecraft:torch":24},"minecraft:mined":{"minecraft:dark_oak_planks":9,"minecraft:spruce_planks":2,"regions_unexplored:blue_lupine":2,"regions_unexplored:bleeding_heart":2,"minecraft:grass_block":9,"regions_unexplored:pine_shrub":2,"minecraft:cracked_polished_blackstone_bricks":11,"minecraft:oxeye_daisy":4,"minecraft:spawner":44,"minecraft:polished_blackstone_bricks":15,"minecraft:iron_ore":3,"minecraft:fire":2,"regions_unexplored:mossy_stone":4,"minecraft:red_tulip":3,"minecraft:oak_stairs":4,"minecraft:blue_orchid":5,"minecraft:spruce_slab":1,"minecraft:green_bed":1,"minecraft:gray_terracotta":1,"valhelsia_structures:explorers_tent":1,"minecraft:red_bed":2,"minecraft:blackstone":3,"minecraft:crimson_nylium":1,"minecraft:torch":3,"minecraft:dark_oak_wood":3,"minecraft:melon":9,"minecraft:cobblestone":13,"minecraft:oak_planks":3,"minecraft:wall_torch":7,"regions_unexplored:tsubaki":1,"regions_unexplored:pine_log":117,"regions_unexplored:hyssop":2,"minecraft:stripped_oak_wood":6,"minecraft:orange_tulip":2,"minecraft:grass":33,"minecraft:dirt":3,"minecraft:smooth_quartz":37,"minecraft:netherrack":8,"minecraft:oak_leaves":3,"minecraft:dark_prismarine":6,"minecraft:crying_obsidian":2,"minecraft:allium":8,"minecraft:spruce_fence":6,"minecraft:crimson_roots":1,"regions_unexplored:stone_grass_block":4,"regions_unexplored:aster":1,"regions_unexplored:maple_leaves":3,"regions_unexplored:pine_planks":10,"minecraft:large_fern":7,"valhelsia_structures:brown_sleeping_bag":1,"cfm:black_grill":2,"minecraft:cobblestone_slab":1,"minecraft:lantern":1,"regions_unexplored:medium_grass":17,"minecraft:stone":29,"minecraft:white_tulip":3,"regions_unexplored:felicia_daisy":9,"minecraft:scaffolding":1,"minecraft:infested_stone_bricks":1,"minecraft:basalt":1,"minecraft:stone_brick_slab":2,"valhelsia_structures:black_glazed_jar":1,"minecraft:rose_bush":1,"minecraft:lectern":144,"minecraft:tall_grass":20,"regions_unexplored:daisy":19,"minecraft:coarse_dirt":14,"minecraft:sea_pickle":1,"minecraft:birch_leaves":3,"minecraft:cyan_carpet":3,"travelersbackpack:quartz":8,"minecraft:brown_terracotta":2,"minecraft:cobweb":17,"minecraft:cracked_stone_bricks":1,"regions_unexplored:pine_stairs":4,"minecraft:stone_bricks":6,"minecraft:mossy_stone_bricks":3,"minecraft:fern":12},"minecraft:used":{"regions_unexplored:pine_planks":234,"minecraft:iron_shovel":38,"cfm:black_grill":3,"minecraft:chest":5,"minecraft:shield":1,"minecraft:iron_sword":523,"minecraft:carrot":58,"minecraft:allium":3,"minecraft:obsidian":21,"regions_unexplored:pine_stairs":22,"wom:agony":696,"minecraft:lantern":1,"minecraft:blue_orchid":2,"wom:tormented_mind":1,"minecraft:stone_bricks":4,"minecraft:item_frame":6,"minecraft:bedrock":1,"minecraft:bow":10,"minecraft:written_book":1,"epicfight:skillbook":43,"minecraft:mossy_stone_bricks":2,"regions_unexplored:felicia_daisy":2,"minecraft:stone_pickaxe":121,"minecraft:oak_planks":1,"minecraft:orange_tulip":1,"minecraft:wooden_pickaxe":22,"minecraft:chainmail_helmet":1,"minecraft:diamond_axe":181,"minecraft:white_wool":4,"minecraft:golden_apple":3,"minecraft:mushroom_stew":1,"travelersbackpack:quartz":18,"minecraft:crossbow":24,"waystones:waystone":5,"minecraft:melon_slice":28,"minecraft:bread":30,"minecraft:lectern":145,"minecraft:diamond_sword":304,"minecraft:stripped_oak_wood":6,"regions_unexplored:pine_fence":73,"minecraft:white_tulip":1,"minecraft:flint_and_steel":2,"minecraft:armor_stand":4,"valhelsia_structures:light_gray_sleeping_bag":1,"simpletomb:grave_key":41,"minecraft:netherrack":105,"minecraft:torch":121,"minecraft:dirt":19,"minecraft:red_nether_brick_slab":67,"minecraft:golden_chestplate":1,"minecraft:spruce_fence":2,"minecraft:iron_hoe":38,"minecraft:stone_brick_slab":7,"minecraft:dark_oak_planks":19,"minecraft:wooden_axe":2,"regions_unexplored:daisy":2,"minecraft:red_tulip":1,"immersive_paintings:painting":8,"valhelsia_structures:explorers_tent":1,"minecraft:oak_stairs":4,"minecraft:iron_boots":1,"minecraft:smooth_quartz":5,"epicfight:stone_greatsword":6,"minecraft:diamond_chestplate":1,"minecraft:golden_carrot":104,"minecraft:cooked_beef":5,"regions_unexplored:pine_fence_gate":8,"minecraft:water_bucket":37,"minecraft:dirt_path":1,"travelersbackpack:wither":3,"regions_unexplored:pine_door":2,"wom:diamond_legbottomseal":1,"minecraft:green_bed":1,"minecraft:horse_spawn_egg":1,"minecraft:cracked_stone_bricks":1,"minecraft:glow_item_frame":1,"minecraft:mossy_cobblestone":1,"minecraft:crafting_table":1,"minecraft:red_bed":2,"minecraft:painting":1,"minecraft:dark_prismarine":3,"minecraft:flower_pot":1,"minecraft:diamond_pickaxe":96,"minecraft:oxeye_daisy":2,"valhelsia_structures:brown_sleeping_bag":1,"minecraft:stone_axe":43,"minecraft:cobblestone":27,"minecraft:bucket":38,"minecraft:cooked_porkchop":3,"minecraft:diamond_leggings":1},"minecraft:dropped":{"twilightforest:nagastone":1,"minecraft:iron_sword":5,"minecraft:brown_mushroom":5,"immersive_paintings:painting":2,"wom:diamond_legbottomseal":3,"minecraft:diamond":1,"minecraft:orange_tulip":1,"minecraft:red_nether_brick_slab":1,"regions_unexplored:pine_shrub":1,"regions_unexplored:pine_door":1,"minecraft:cracked_stone_bricks":3,"regions_unexplored:bleeding_heart":2,"minecraft:bedrock":1,"minecraft:music_disc_13":1,"regions_unexplored:red_maple_leaf_pile":14,"minecraft:dirt":4,"twilightforest:mossy_nagastone_pillar":1,"minecraft:crimson_roots":1,"minecraft:gold_nugget":1,"minecraft:writable_book":9,"minecraft:phantom_membrane":1,"paraglider:paraglider":1,"minecraft:dark_oak_planks":6,"regions_unexplored:felicia_daisy":22,"minecraft:cyan_carpet":1,"minecraft:bone":16,"minecraft:white_tulip":1,"minecraft:stone_axe":3,"wom:agony":5,"alexsmobs:gazelle_horn":1,"minecraft:obsidian":1,"minecraft:rotten_flesh":34,"minecraft:oak_planks":2,"minecraft:chainmail_chestplate":1,"minecraft:chiseled_stone_bricks":1,"minecraft:poppy":2,"cfm:black_grill":1,"alexsmobs:blood_sac":1,"minecraft:gunpowder":3,"twilightforest:cracked_nagastone_pillar":2,"minecraft:chest":9,"minecraft:spruce_slab":2,"minecraft:arrow":27,"minecraft:crying_obsidian":2,"twilightforest:nagastone_pillar":1,"minecraft:netherrack":10,"minecraft:enchanted_book":2,"regions_unexplored:tsubaki":1,"minecraft:wheat_seeds":8,"minecraft:mossy_cobblestone":7,"minecraft:feather":1,"minecraft:cobblestone":16,"minecraft:book":25,"minecraft:apple":5,"twilightforest:etched_nagastone":2,"regions_unexplored:pine_sapling":20,"minecraft:chainmail_helmet":1,"regions_unexplored:daisy":19,"minecraft:stick":7,"minecraft:lava_bucket":1,"minecraft:oxeye_daisy":2,"minecraft:cobweb":3,"minecraft:mossy_cobblestone_slab":4,"minecraft:golden_carrot":8,"minecraft:torch":2,"twilightforest:spiral_bricks":6,"minecraft:melon_slice":3,"minecraft:rose_bush":4,"minecraft:brown_terracotta":2,"minecraft:mossy_cobblestone_stairs":1,"minecraft:chainmail_leggings":1,"minecraft:paper":130,"minecraft:string":18,"travelersbackpack:wither":1,"minecraft:stone_brick_slab":1,"regions_unexplored:pine_planks":1,"minecraft:coarse_dirt":11,"minecraft:stone_sword":1,"minecraft:cobblestone_wall":2,"minecraft:bowl":1,"minecraft:smooth_stone_slab":3,"minecraft:experience_bottle":50,"regions_unexplored:hyssop":1,"epicsamurai:straw_hat":1,"minecraft:flint_and_steel":1,"twilightforest:mossy_etched_nagastone":1,"minecraft:cobblestone_slab":7,"minecraft:stone":1,"minecraft:shield":1,"minecraft:flower_pot":1,"minecraft:allium":5,"minecraft:spruce_planks":7,"travelersbackpack:quartz":1,"minecraft:spider_eye":20,"minecraft:stone_bricks":9,"minecraft:blue_orchid":4,"waystones:waystone":33,"minecraft:magma_cream":1,"minecraft:dark_prismarine":5,"regions_unexplored:blue_lupine":2,"epicfight:skillbook":13}},"DataVersion":3465}