{"stats":{"minecraft:mined":{"regions_unexplored:medium_grass":1,"regions_unexplored:magnolia_log":3},"minecraft:dropped":{"regions_unexplored:magnolia_log":4},"minecraft:picked_up":{"regions_unexplored:magnolia_log":4},"minecraft:custom":{"minecraft:jump":99,"minecraft:time_since_rest":11864,"minecraft:crouch_one_cm":147,"minecraft:damage_dealt":10,"minecraft:damage_taken":80,"minecraft:leave_game":3,"minecraft:play_time":11864,"minecraft:sprint_one_cm":10349,"minecraft:walk_one_cm":66480,"minecraft:time_since_death":11864,"minecraft:sneak_time":323,"minecraft:total_world_time":11864,"minecraft:fall_one_cm":209,"minecraft:drop":4,"minecraft:fly_one_cm":270390}},"DataVersion":3465}