{"stats":{"minecraft:killed_by":{"minecraft:wither_skeleton":8,"minecraft:piglin_brute":5,"minecraft:creeper":2,"minecraft:pillager":1,"minecraft:magma_cube":3,"minecraft:spider":4,"minecraft:skeleton":2},"minecraft:used":{"regions_unexplored:pine_planks":234,"minecraft:iron_shovel":38,"cfm:black_grill":3,"minecraft:chest":4,"minecraft:iron_sword":523,"minecraft:carrot":58,"minecraft:obsidian":21,"regions_unexplored:pine_stairs":22,"wom:agony":517,"minecraft:lantern":1,"minecraft:bedrock":1,"epicfight:skillbook":42,"regions_unexplored:felicia_daisy":2,"minecraft:stone_pickaxe":121,"minecraft:oak_planks":1,"minecraft:wooden_pickaxe":22,"minecraft:chainmail_helmet":1,"minecraft:diamond_axe":177,"minecraft:golden_apple":3,"minecraft:mushroom_stew":1,"travelersbackpack:quartz":18,"minecraft:crossbow":24,"waystones:waystone":5,"minecraft:bread":30,"minecraft:melon_slice":28,"minecraft:lectern":145,"minecraft:diamond_sword":151,"minecraft:stripped_oak_wood":6,"regions_unexplored:pine_fence":64,"minecraft:flint_and_steel":2,"minecraft:armor_stand":3,"valhelsia_structures:light_gray_sleeping_bag":1,"minecraft:netherrack":105,"simpletomb:grave_key":27,"minecraft:torch":119,"minecraft:dirt":19,"minecraft:red_nether_brick_slab":67,"minecraft:golden_chestplate":1,"minecraft:spruce_fence":2,"minecraft:iron_hoe":38,"minecraft:dark_oak_planks":19,"minecraft:wooden_axe":2,"minecraft:oak_stairs":4,"valhelsia_structures:explorers_tent":1,"minecraft:iron_boots":1,"minecraft:smooth_quartz":5,"epicfight:stone_greatsword":6,"minecraft:diamond_chestplate":1,"minecraft:golden_carrot":50,"minecraft:cooked_beef":4,"regions_unexplored:pine_fence_gate":7,"minecraft:water_bucket":4,"minecraft:dirt_path":1,"travelersbackpack:wither":3,"wom:diamond_legbottomseal":1,"regions_unexplored:pine_door":2,"minecraft:green_bed":1,"minecraft:horse_spawn_egg":1,"minecraft:mossy_cobblestone":1,"minecraft:crafting_table":1,"minecraft:red_bed":2,"minecraft:dark_prismarine":3,"minecraft:flower_pot":1,"minecraft:diamond_pickaxe":59,"valhelsia_structures:brown_sleeping_bag":1,"minecraft:stone_axe":43,"minecraft:cobblestone":23,"minecraft:cooked_porkchop":3,"minecraft:bucket":3,"minecraft:diamond_leggings":1},"minecraft:crafted":{"regions_unexplored:pine_fence_gate":1,"minecraft:chest":4,"regions_unexplored:pine_wood":3,"minecraft:crafting_table":1,"minecraft:wooden_pickaxe":1,"minecraft:stick":48,"regions_unexplored:pine_fence":30,"regions_unexplored:pine_stairs":20,"minecraft:stone_pickaxe":1,"minecraft:dark_oak_planks":16,"paraglider:paraglider":2,"minecraft:stone_axe":1,"minecraft:enchanted_book":2,"regions_unexplored:pine_planks":392,"minecraft:wooden_axe":1,"minecraft:iron_shovel":1,"regions_unexplored:pine_door":3,"minecraft:torch":24},"minecraft:custom":{"minecraft:interact_with_crafting_table":15,"minecraft:open_barrel":2,"minecraft:leave_game":10,"minecraft:time_since_death":38598,"minecraft:sprint_one_cm":2234727,"minecraft:drop":157,"minecraft:play_noteblock":1,"minecraft:talked_to_villager":154,"minecraft:play_time":615346,"minecraft:deaths":26,"minecraft:jump":5243,"minecraft:walk_on_water_one_cm":12406,"minecraft:interact_with_furnace":5,"minecraft:traded_with_villager":2,"minecraft:interact_with_cartography_table":1,"minecraft:sleep_in_bed":21,"minecraft:waystone_activated":9,"minecraft:damage_dealt":51098,"minecraft:crouch_one_cm":14126,"minecraft:horse_one_cm":6044,"minecraft:mob_kills":207,"minecraft:interact_with_anvil":3,"minecraft:damage_dealt_resisted":5435,"minecraft:climb_one_cm":60739,"minecraft:walk_one_cm":5159078,"minecraft:damage_dealt_absorbed":203,"minecraft:sneak_time":4309,"minecraft:walk_under_water_one_cm":11770,"minecraft:interact_with_blast_furnace":1,"minecraft:total_world_time":666925,"minecraft:tune_noteblock":22,"minecraft:pot_flower":1,"minecraft:time_since_rest":23634,"minecraft:damage_taken":13333,"minecraft:damage_absorbed":90,"minecraft:swim_one_cm":27181,"minecraft:fly_one_cm":2272019,"minecraft:open_chest":181,"minecraft:fall_one_cm":172850},"minecraft:killed":{"minecraft:cave_spider":31,"minecraft:spider":25,"naturalist:robin":2,"naturalist:snail":1,"minecraft:skeleton":31,"minecraft:magma_cube":26,"minecraft:piglin":7,"minecraft:creeper":7,"alexsmobs:crimson_mosquito":5,"minecraft:pillager":11,"minecraft:zombie":6,"minecraft:blaze":8,"minecraft:cow":2,"epicsamurai:tanuki":1,"minecraft:husk":5,"minecraft:hoglin":7,"alexsmobs:gazelle":1,"minecraft:wither_skeleton":26},"minecraft:dropped":{"minecraft:iron_sword":5,"minecraft:brown_mushroom":1,"wom:diamond_legbottomseal":3,"minecraft:red_nether_brick_slab":1,"regions_unexplored:pine_shrub":1,"regions_unexplored:pine_door":1,"minecraft:bedrock":1,"minecraft:music_disc_13":1,"regions_unexplored:red_maple_leaf_pile":14,"minecraft:crimson_roots":1,"paraglider:paraglider":1,"minecraft:dark_oak_planks":6,"regions_unexplored:felicia_daisy":12,"minecraft:cyan_carpet":1,"minecraft:stone_axe":1,"wom:agony":5,"alexsmobs:gazelle_horn":1,"minecraft:obsidian":1,"minecraft:rotten_flesh":13,"minecraft:oak_planks":2,"minecraft:chainmail_chestplate":1,"cfm:black_grill":1,"minecraft:poppy":2,"alexsmobs:blood_sac":1,"minecraft:spruce_slab":2,"minecraft:crying_obsidian":2,"minecraft:netherrack":10,"minecraft:enchanted_book":2,"minecraft:wheat_seeds":3,"minecraft:mossy_cobblestone":6,"minecraft:feather":1,"minecraft:cobblestone":13,"minecraft:apple":5,"regions_unexplored:pine_sapling":20,"minecraft:chainmail_helmet":1,"regions_unexplored:daisy":7,"minecraft:cobweb":3,"minecraft:golden_carrot":8,"minecraft:torch":1,"minecraft:rose_bush":4,"minecraft:melon_slice":3,"minecraft:brown_terracotta":2,"minecraft:chainmail_leggings":1,"minecraft:string":1,"travelersbackpack:wither":1,"regions_unexplored:pine_planks":1,"minecraft:coarse_dirt":11,"minecraft:bowl":1,"minecraft:experience_bottle":50,"epicsamurai:straw_hat":1,"minecraft:flint_and_steel":1,"minecraft:flower_pot":1,"minecraft:spruce_planks":7,"travelersbackpack:quartz":1,"minecraft:stone_bricks":6,"minecraft:spider_eye":20,"minecraft:blue_orchid":2,"waystones:waystone":33,"minecraft:magma_cream":1,"minecraft:dark_prismarine":5,"epicfight:skillbook":13},"minecraft:mined":{"minecraft:dark_oak_planks":9,"minecraft:spruce_planks":2,"regions_unexplored:blue_lupine":1,"regions_unexplored:bleeding_heart":1,"minecraft:grass_block":3,"regions_unexplored:pine_shrub":2,"minecraft:cracked_polished_blackstone_bricks":11,"minecraft:spawner":44,"minecraft:polished_blackstone_bricks":15,"minecraft:fire":2,"regions_unexplored:mossy_stone":4,"minecraft:red_tulip":2,"minecraft:oak_stairs":4,"minecraft:blue_orchid":1,"minecraft:spruce_slab":1,"minecraft:green_bed":1,"minecraft:gray_terracotta":1,"valhelsia_structures:explorers_tent":1,"minecraft:red_bed":2,"minecraft:blackstone":3,"minecraft:crimson_nylium":1,"minecraft:torch":3,"minecraft:dark_oak_wood":3,"minecraft:melon":9,"minecraft:cobblestone":11,"minecraft:oak_planks":3,"minecraft:wall_torch":5,"regions_unexplored:pine_log":117,"minecraft:stripped_oak_wood":6,"minecraft:grass":21,"minecraft:dirt":3,"minecraft:smooth_quartz":37,"minecraft:netherrack":8,"minecraft:oak_leaves":3,"minecraft:dark_prismarine":6,"minecraft:crying_obsidian":2,"minecraft:allium":1,"minecraft:spruce_fence":6,"minecraft:crimson_roots":1,"regions_unexplored:stone_grass_block":1,"regions_unexplored:aster":1,"regions_unexplored:maple_leaves":2,"regions_unexplored:pine_planks":10,"minecraft:large_fern":7,"valhelsia_structures:brown_sleeping_bag":1,"cfm:black_grill":2,"minecraft:cobblestone_slab":1,"minecraft:lantern":1,"regions_unexplored:medium_grass":9,"minecraft:stone":26,"regions_unexplored:felicia_daisy":7,"minecraft:scaffolding":1,"minecraft:basalt":1,"valhelsia_structures:black_glazed_jar":1,"minecraft:rose_bush":1,"minecraft:lectern":144,"minecraft:tall_grass":17,"regions_unexplored:daisy":7,"minecraft:coarse_dirt":14,"minecraft:sea_pickle":1,"minecraft:birch_leaves":3,"minecraft:cyan_carpet":3,"travelersbackpack:quartz":8,"minecraft:cobweb":17,"minecraft:brown_terracotta":2,"regions_unexplored:pine_stairs":4,"minecraft:fern":12},"minecraft:broken":{"minecraft:golden_helmet":1,"minecraft:iron_boots":1,"minecraft:iron_sword":1,"minecraft:golden_chestplate":1,"epicfight:stone_greatsword":1},"minecraft:picked_up":{"minecraft:flower_pot":2,"minecraft:lead":1,"minecraft:diamond_sword":4,"minecraft:oak_stairs":4,"minecraft:stone_brick_stairs":1,"minecraft:golden_sword":1,"alexsmobs:gazelle_horn":1,"minecraft:string":92,"aether:diamond_gloves":1,"travelersbackpack:quartz":10,"minecraft:armor_stand":3,"minecraft:experience_bottle":50,"alexsmobs:blood_sac":3,"regions_unexplored:pine_log":109,"minecraft:gold_nugget":1,"minecraft:spruce_planks":7,"minecraft:rose_bush":4,"minecraft:smooth_quartz":35,"minecraft:iron_pickaxe":1,"minecraft:melon_slice":50,"valhelsia_structures:light_gray_sleeping_bag":1,"regions_unexplored:pine_stairs":4,"regions_unexplored:pine_shrub":2,"minecraft:iron_boots":1,"minecraft:golden_helmet":1,"minecraft:stick":17,"minecraft:brown_terracotta":2,"minecraft:torch":115,"minecraft:green_bed":1,"minecraft:spruce_stairs":2,"epicfight:skillbook":20,"minecraft:porkchop":15,"regions_unexplored:daisy":10,"minecraft:golden_chestplate":1,"minecraft:stone_sword":1,"minecraft:rotten_flesh":18,"minecraft:red_tulip":1,"minecraft:blaze_rod":5,"minecraft:cobblestone":49,"minecraft:magma_cream":1,"minecraft:leather_chestplate":1,"minecraft:feather":2,"minecraft:golden_leggings":1,"paraglider:spirit_orb":68,"minecraft:wither_skeleton_skull":1,"minecraft:dirt":16,"minecraft:lantern":2,"minecraft:name_tag":1,"minecraft:leather_boots":1,"minecraft:bone":80,"minecraft:wheat_seeds":11,"wom:diamond_legbottomseal":2,"minecraft:oak_planks":7,"minecraft:cooked_porkchop":1,"regions_unexplored:pine_sapling":49,"regions_unexplored:pine_planks":11,"minecraft:mossy_cobblestone":7,"minecraft:dark_prismarine":8,"epicsamurai:straw_hat":1,"minecraft:cracked_polished_blackstone_bricks":10,"minecraft:crossbow":2,"minecraft:golden_apple":1,"minecraft:bread":2,"minecraft:emerald":42,"minecraft:chainmail_helmet":3,"minecraft:netherrack":10,"minecraft:crimson_roots":1,"minecraft:diamond_pickaxe":1,"minecraft:coarse_dirt":12,"minecraft:allium":1,"minecraft:brown_mushroom":2,"minecraft:diamond_horse_armor":1,"valhelsia_structures:brown_sleeping_bag":1,"regions_unexplored:red_maple_leaf_pile":14,"minecraft:shield":1,"minecraft:red_bed":2,"minecraft:blue_orchid":2,"minecraft:blackstone":3,"minecraft:cyan_carpet":4,"minecraft:beef":13,"wom:demon_seal":1,"minecraft:poppy":2,"minecraft:spruce_slab":2,"minecraft:lectern":145,"minecraft:spruce_trapdoor":1,"regions_unexplored:bleeding_heart":1,"minecraft:stone":1,"regions_unexplored:blue_lupine":1,"minecraft:spruce_fence":10,"minecraft:polished_blackstone_bricks":15,"minecraft:carrot":10,"valhelsia_structures:explorers_tent":1,"minecraft:dark_oak_planks":11,"minecraft:arrow":58,"regions_unexplored:felicia_daisy":18,"regions_unexplored:pine_door":1,"minecraft:mutton":2,"cfm:black_grill":2,"minecraft:basalt":1,"minecraft:golden_carrot":6,"epicsamurai:spirit_upgrade_smithing_template":1,"minecraft:leather":6,"minecraft:acacia_wood":3,"minecraft:brown_concrete":1,"minecraft:chainmail_chestplate":2,"minecraft:golden_boots":1,"minecraft:gunpowder":8,"alexsmobs:mosquito_proboscis":2,"regions_unexplored:aster":1,"minecraft:apple":5,"minecraft:stone_bricks":15,"minecraft:cobweb":3,"minecraft:stripped_oak_wood":6,"minecraft:iron_sword":6,"wom:agony":5,"minecraft:book":39,"minecraft:scaffolding":1,"epicfight:stone_greatsword":1,"minecraft:dandelion":1,"minecraft:crying_obsidian":2,"minecraft:spider_eye":22,"minecraft:oak_wood":11,"minecraft:stone_axe":2,"minecraft:chainmail_leggings":2,"minecraft:diamond_axe":1,"minecraft:dark_oak_wood":4,"minecraft:coal":9}},"DataVersion":3465}